text,sender_name,sender_email,reply_to,label
"A shocking study done by the prestigious Cleveland Clinic reveals that men who use this mysterious stuffed animal were...

...able to start enjoying steel-hard boners - even after years of struggling with ED.

So rather than your manhood not responding to what your mind tells you, it quickly ""gets the message"" and turns into one big, pulsing hard-on.

Imagine not having to go to the doctor for another prescription.

Or crippling yourself with horrible exercises, rings, pumps, or even surgery... just to get ""hard enough"" for your lady.

And instead, you can bring that STIFFY out naturally...

You can effortlessly stay rock-hard and energetic.

One man, called Thomas, is already lasting in bed for as long as he wants!

He ""stayed so hard"" that at the 50-minute mark, his woman was so worn out she had to stop him.

Another gives his wife more penetration orgasms.

And still, another swears his sex life has improved by leaps and bounds.

See if this ""plush toy"" can help you get rock-hard too...

Your friend,
James Morrow
Men's Confidence Project

If you wish to unsubscribe, please click here:
Unsubscribe

Physical opt-out address:
11870 62nd St N
Largo, Fl. 33773",Maximize Your Performance,otkfifbippcbbz.77644201940045@jpr0qz.gfqep4.lo4upm.us,,1
"Black Lotus Casino
 Exclusive VIP Reward Just for You!
200 FREE SPINS — NO DEPOSIT REQUIRED

Your premium treasure chest is now unlocked! Spin instantly, win real rewards, and enjoy a VIP experience crafted exclusively for top-tier players like you.

WELCOME BONUS : + $5000 EXTRA BONUS

 CLAIM YOUR TREASURE NOW

Don't want to receive more offers?
© Black Lotus Casino — Premium Gaming Experience",🎉Congratulations!,hhzpvrqzitmtxv.60912229422228@2dmfah.w81fyz.plo23f.us,,1
"Dear Candidate

Thank you for submitting your assignment.

We wanted to share a quick update on the selection process. Our team is still in the process of carefully reviewing the submissions. Given both the quality and the volume of responses, the evaluation is taking a little longer than we had anticipated.

We expect to share the outcome with you by mid-July. Candidates shortlisted at that stage will be invited for one final interaction, where they will be asked to walk us through their submission and thought process.

Thank you for your patience and understanding. We appreciate your interest and will be in touch soon.

Warm regards,


Namrata Gogoi 

Program Manager

Connecting Dreams Foundation


 www.connecting-dreams.org




 

Please consider the environment before printing this email.",Namrata Gogoi,namrata.gogoi@connecting-dreams.org,,0
"Don’t Wait Until Laws Change. Get Certified Now!
Join 1+ Million US Citizens


Hi there,

If you’ve been thinking about getting your concealed carry certification, now is the time to act.

Across the country, lawmakers are shifting laws, some strengthening 2A protections, others tightening requirements. 

Either direction leads to one reality:

If you’re not concealed carry certified yet, you’re behind.

Countrywide Concealed has trained over 1,000,000 law-abiding citizens using a state-approved curriculum that meets your state's requirements and prepares you for responsible carry from day one.
Every course includes:

• State-approved training that satisfies your state’s education standards
• Clear breakdowns of state handgun laws so you actually understand what applies to you
• Reciprocity guidance that tells you exactly where your permit is valid
• Situational awareness, conflict avoidance, and real-world carry instruction

Whether the next legislative change favors concealed carriers or restricts them, one thing is guaranteed, being certified now puts you in control.

Waiting could mean:
 • Longer processing timelines
• Increased demand
• Stricter requirements
• Delays in getting your permit approved

Don’t leave your future up to lawmakers or chance. Join the millions who’ve already taken the step toward legal, responsible concealed carry.

Get your certification training started today.



Get concealed carry certified now ?
Get your certification training started today.
You have received this email because you are subscribed to the Countrywide Concealed newsletter.",Countrywide Concealed,mmxdzk@fvcgqdzbfipwyqophwrtetavea.net,,1
"130 Free Spins – No Deposit Needed!

Get ready to spin and win big with Casino Limitless! Instantly receive 130 free spins — no deposit required, no hassle!

Use Promo Code: LITTLE130GRF

Claim Your Bonus!

 Play responsibly. 18+ only.

976 Conroy Ways Apt. 359, West Belle, ME 18144, US
To manage your winner notifications,",rohitkorpal3,xmdmdsjvg@rtdwcklhoxgqjgvztxsriuoybs.net,,1
"Claim your 55 free spins now 


 RAGING BULL 

?Editor's Choice


Transaction Details:


Payout
USA-#508
Transaction:
Thirty-five thousand eight hundred       dollar
To: rohitkorpal3@gmail.com
$ 35,800
1154-075-164 Fri, 03 Jul 2026 12:17:23 -0400
Claim Your Reward with
The best favorite welcome bonus
800% WELCOME BONUS
+  $35,800.00  FREE

WELCOME CASINO PACKAGE
 EXCLUSIVELY FOR YOU! 
PLAY FOR FREE AND WIN FOR REAL!
Name: rohitkorpal3
Invitation : USA|RB-31488170
Member ID : #DBB-86560

Yes, Confirm




e-mail:	  rohitkorpal3@gmail.com
bonus:	  $35,800.00
customer:	  rohitkorpal3

Withdraw the bonus







If you want to unsubscribe from newsletter in the future , please click here",55_Free_Spins,fosupporthavz@dpcwtdlcmlzyzgqnjzfpwrum.com,,1
"Claim your 55 free spins now 


 RAGING BULL 

?Editor's Choice


Transaction Details:


Payout
USA-#508
Transaction:
Thirty-five thousand eight hundred       dollar
To: rohitkorpal3@gmail.com
$ 35,800
1154-075-164 Fri, 03 Jul 2026 12:17:23 -0400
Claim Your Reward with
The best favorite welcome bonus
800% WELCOME BONUS
+  $35,800.00  FREE

WELCOME CASINO PACKAGE
 EXCLUSIVELY FOR YOU! 
PLAY FOR FREE AND WIN FOR REAL!
Name: rohitkorpal3
Invitation : USA|RB-31488170
Member ID : #DBB-86560

Yes, Confirm




e-mail:	  rohitkorpal3@gmail.com
bonus:	  $35,800.00
customer:	  rohitkorpal3

Withdraw the bonus







If you want to unsubscribe from newsletter in the future , please click here",55_Free_Spins,fosupporthavz@dpcwtdlcmlzyzgqnjzfpwrum.com,reply@2c5h7.htnvmag.uic.edu,1
"REMEDY.

Save $120 on your first month with
Remedy

Join America's #1 Most Trusted GLP-1 Program. Get matched with a licensed clinician, receive a personalized treatment plan, and have your medication delivered discreetly to your door.


 Expert Matching: Talk to a clinician who actually listens

 Custom Plan: Tailored to your health goals & lifestyle

 Direct Delivery: Medication shipped straight to your home

 Continuous Support: Check-ins & adjustments when you need them



Start Your Weight Loss Journey

Unsubscribe


[Embedded Links]
https://storage.googleapis.com/copjcpojcopjcpocjcopjccjcpoa/sffqsf.html#/fsqfqsf.html?od=1syr6a47f8532dbca_vl_Salesvl_1ip4.8w3qx85.C0000rjyj1z2v2h00o_x11969.jyj1zM2RhdzZqLTBpbTNpZWU0o4tXc
https://storage.googleapis.com/copjcpojcopjcpocjcopjccjcpoa/sffqsf.html#/fsqfqsf.html?od=1syr6a47f8532dbca_outvl_Sales.8w3qx85.C0000rjyj1z2v2h00o_x11969.jyj1zM2RhdzZqLTBpbTNpZWU0g2s3U",rohitkorpal3,nglhqxjzqexapw.64974866265317@utk7x4.q5w0al.ws298o.us,,1
"Dear Candidate

Thank you for submitting your assignment.

We wanted to share a quick update on the selection process. Our team is still in the process of carefully reviewing the submissions. Given both the quality and the volume of responses, the evaluation is taking a little longer than we had anticipated.

We expect to share the outcome with you by mid-July. Candidates shortlisted at that stage will be invited for one final interaction, where they will be asked to walk us through their submission and thought process.

Thank you for your patience and understanding. We appreciate your interest and will be in touch soon.

Warm regards,


Namrata Gogoi 

Program Manager

Connecting Dreams Foundation


 www.connecting-dreams.org




 

Please consider the environment before printing this email.





[Embedded Links]
http://www.connecting-dreams.org/
https://www.facebook.com/ConnectingDreamsFoundation
https://twitter.com/CDF_India
https://www.instagram.com/cdf_india/?hl=en
https://www.linkedin.com/company/connecting-dreams-foundation/?viewAsMember=true
https://www.youtube.com/channel/UCCE9KZO-JOaL-m7UHWwoFNA",Namrata Gogoi,namrata.gogoi@connecting-dreams.org,,0
"REMEDY.

Save $120 on your first month with
Remedy

Join America's #1 Most Trusted GLP-1 Program. Get matched with a licensed clinician, receive a personalized treatment plan, and have your medication delivered discreetly to your door.


 Expert Matching: Talk to a clinician who actually listens

 Custom Plan: Tailored to your health goals & lifestyle

 Direct Delivery: Medication shipped straight to your home

 Continuous Support: Check-ins & adjustments when you need them



Start Your Weight Loss Journey

Unsubscribe


[Embedded Links]
https://storage.googleapis.com/copjcpojcopjcpocjcopjccjcpoa/sffqsf.html#/fsqfqsf.html?od=1syr6a47f8532dbca_vl_Salesvl_1ip4.8w3qx85.C0000rjyj1z2v2h00o_x11969.jyj1zM2RhdzZqLTBpbTNpZWU0o4tXc
https://storage.googleapis.com/copjcpojcopjcpocjcopjccjcpoa/sffqsf.html#/fsqfqsf.html?od=1syr6a47f8532dbca_outvl_Sales.8w3qx85.C0000rjyj1z2v2h00o_x11969.jyj1zM2RhdzZqLTBpbTNpZWU0g2s3U",rohitkorpal3,nglhqxjzqexapw.64974866265317@utk7x4.q5w0al.ws298o.us,,1
"Black Lotus Casino
 Exclusive VIP Reward Just for You!
200 FREE SPINS — NO DEPOSIT REQUIRED

Your premium treasure chest is now unlocked! Spin instantly, win real rewards, and enjoy a VIP experience crafted exclusively for top-tier players like you.

WELCOME BONUS : + $5000 EXTRA BONUS

 CLAIM YOUR TREASURE NOW

Don't want to receive more offers?
© Black Lotus Casino — Premium Gaming Experience

[Embedded Links]
https://storage.googleapis.com/lmkamazon/vbccvb.html#/PGMg.Ku3V?od=1syr6a481a9619d9f_vl_Salesvl_1ip4.8w3qx85.C0000rjyj012q8z00o_x11969.jyj01M2RhdzZqLTE4Z2UyOGs0a1MfO",🎉Congratulations!,hhzpvrqzitmtxv.60912229422228@2dmfah.w81fyz.plo23f.us,,1
